cluster,PC1,PC2,PC3
0,-0.24146700197871512,-0.7855108545957502,0.09539159430824456
1,-1.2577395826954343,0.7035007845266148,-0.17002042810791992
2,1.6605909888921753,0.4152050318021154,0.03754951754219956
