cluster_label,School_support_engage6,Manbox5_overall,Masculinity_contrained,GrowthMindset,wellbeing_label
0,5.374429223744292,1.4657534246575343,2.3321917808219177,5.938356164383562,Moderate Wellbeing
1,6.1410256410256405,1.526923076923077,2.456730769230769,9.461538461538462,High Wellbeing
2,5.223333333333334,3.18,3.99,5.68,Low Wellbeing
