,PC1,PC2,PC3
School_support_engage6,-0.435365698407487,0.5554015762593033,0.7050743262251127
Manbox5_overall,0.5666676685721871,0.4035262680442113,0.10231226213735889
Masculinity_contrained,0.5452724668173382,0.4699693213469074,-0.10137940122031269
GrowthMindset,-0.4382036044763426,0.5548193193100991,-0.6943519370771215
